date,total,Seoul,Busan,Daegu,Incheon,Gwangju,Daejeon,Ulsan,Sejong,Gyeonggi,Gangwon,Chungbuk,Chungnam,Jeonbuk,Jeonnam,Gyeongbuk,Gyeongnam,Jeju,url
2020-02-08,24.0,,,,,,,,,,,,,,,,,,http://www.kdca.go.kr//board/board.es?mid=a30402000000&bid=0030&act=view&list_no=366114&tag=&nPage=52
2020-02-09,25.0,,,,,,,,,,,,,,,,,,http://www.kdca.go.kr//board/board.es?mid=a30402000000&bid=0030&act=view&list_no=366126&tag=&nPage=52
2020-02-10,27.0,,,,,,,,,,,,,,,,,,http://www.kdca.go.kr//board/board.es?mid=a30402000000&bid=0030&act=view&list_no=366138&tag=&nPage=52
2020-02-11,28.0,,,,,,,,,,,,,,,,,,http://www.kdca.go.kr//board/board.es?mid=a30402000000&bid=0030&act=view&list_no=366157&tag=&nPage=51
2020-02-12,28.0,,,,,,,,,,,,,,,,,,http://www.kdca.go.kr//board/board.es?mid=a30402000000&bid=0030&act=view&list_no=366162&tag=&nPage=51
2020-02-13,28.0,,,,,,,,,,,,,,,,,,http://www.kdca.go.kr//board/board.es?mid=a30402000000&bid=0030&act=view&list_no=366175&tag=&nPage=51
2020-02-14,28.0,,,,,,,,,,,,,,,,,,
2020-02-15,28.0,,,,,,,,,,,,,,,,,,http://www.kdca.go.kr//board/board.es?mid=a30402000000&bid=0030&act=view&list_no=366201&tag=&nPage=51
2020-02-16,29.0,,,,,,,,,,,,,,,,,,http://www.kdca.go.kr//board/board.es?mid=a30402000000&bid=0030&act=view&list_no=366205&tag=&nPage=51
2020-02-17,30.0,,,,,,,,,,,,,,,,,,http://www.kdca.go.kr//board/board.es?mid=a30402000000&bid=0030&act=view&list_no=366221&tag=&nPage=50
2020-02-18,40.0,,,,,,,,,,,,,,,,,,
2020-02-19,51.0,,,,,,,,,,,,,,,,,,http://www.kdca.go.kr//board/board.es?mid=a30402000000&bid=0030&act=view&list_no=366249&tag=&nPage=50
2020-02-20,104.0,,,,,,,,,,,,,,,,,,http://www.kdca.go.kr//board/board.es?mid=a30402000000&bid=0030&act=view&list_no=366264&tag=&nPage=49
2020-02-21,204.0,36.0,,515.0,,,,,,32.0,,,,,,,,,http://www.kdca.go.kr//board/board.es?mid=a30402000000&bid=0030&act=view&list_no=366289&tag=&nPage=49
2020-02-22,433.0,40.0,35.0,560.0,,,,,,33.0,,,,,,,,,http://www.kdca.go.kr//board/board.es?mid=a30402000000&bid=0030&act=view&list_no=366301&tag=&nPage=49
2020-02-23,602.0,43.0,37.0,615.0,,,,,,37.0,,,,,,,,,http://www.kdca.go.kr//board/board.es?mid=a30402000000&bid=0030&act=view&list_no=366308&tag=&nPage=49
2020-02-24,833.0,44.0,43.0,708.0,,,,,,39.0,,,,,,,,,http://www.kdca.go.kr//board/board.es?mid=a30402000000&bid=0030&act=view&list_no=366329&tag=&nPage=48
2020-02-25,977.0,47.0,45.0,839.0,,,,,,49.0,,,,,,,,,http://www.kdca.go.kr//board/board.es?mid=a30402000000&bid=0030&act=view&list_no=366340&tag=&nPage=48
2020-02-26,1261.0,51.0,50.0,883.0,2.0,,,,,54.0,,,,,,,,,http://www.kdca.go.kr//board/board.es?mid=a30402000000&bid=0030&act=view&list_no=366352&tag=&nPage=48
2020-02-27,1766.0,55.0,58.0,1017.0,3.0,9.0,8.0,6.0,1.0,55.0,6.0,7.0,7.0,,,321.0,36.0,2.0,http://www.kdca.go.kr//board/board.es?mid=a30402000000&bid=0030&act=view&list_no=366366&tag=&nPage=47
2020-02-28,2337.0,62.0,63.0,1314.0,4.0,9.0,13.0,11.0,1.0,66.0,6.0,9.0,16.0,,,394.0,46.0,2.0,http://www.kdca.go.kr//board/board.es?mid=a30402000000&bid=0030&act=view&list_no=366399&tag=&nPage=47
2020-02-29,3150.0,74.0,77.0,2055.0,6.0,9.0,14.0,17.0,1.0,76.0,7.0,10.0,48.0,5.0,2.0,469.0,59.0,2.0,http://www.kdca.go.kr//board/board.es?mid=a30402000000&bid=0030&act=view&list_no=366407&tag=&nPage=47
2020-03-01,3736.0,82.0,81.0,2569.0,6.0,9.0,13.0,17.0,1.0,84.0,7.0,11.0,60.0,,,514.0,62.0,2.0,http://www.kdca.go.kr//board/board.es?mid=a30402000000&bid=0030&act=view&list_no=366414&tag=&nPage=46
2020-03-02,4212.0,91.0,88.0,3081.0,7.0,9.0,14.0,20.0,1.0,92.0,19.0,11.0,78.0,6.0,5.0,624.0,64.0,2.0,http://www.kdca.go.kr//board/board.es?mid=a30402000000&bid=0030&act=view&list_no=366419&tag=&nPage=46
2020-03-03,4812.0,95.0,90.0,3543.0,8.0,11.0,14.0,21.0,1.0,96.0,20.0,11.0,80.0,6.0,5.0,699.0,64.0,2.0,http://www.kdca.go.kr//board/board.es?mid=a30402000000&bid=0030&act=view&list_no=366424&tag=&nPage=46
2020-03-04,5328.0,99.0,93.0,4006.0,9.0,13.0,15.0,23.0,1.0,101.0,21.0,11.0,82.0,7.0,5.0,774.0,65.0,3.0,http://www.kdca.go.kr//board/board.es?mid=a30402000000&bid=0030&act=view&list_no=366443&tag=&nPage=46
2020-03-05,5766.0,103.0,92.0,4327.0,9.0,14.0,16.0,23.0,1.0,110.0,23.0,12.0,86.0,7.0,4.0,861.0,74.0,4.0,http://www.kdca.go.kr//board/board.es?mid=a30402000000&bid=0030&act=view&list_no=366456&tag=&nPage=46
2020-03-06,6284.0,105.0,95.0,4694.0,9.0,13.0,18.0,23.0,1.0,120.0,25.0,15.0,90.0,7.0,5.0,984.0,77.0,4.0,http://www.kdca.go.kr//board/board.es?mid=a30402000000&bid=0030&act=view&list_no=366480&tag=&nPage=45
2020-03-07,6767.0,108.0,96.0,5084.0,9.0,13.0,18.0,23.0,2.0,130.0,26.0,20.0,92.0,7.0,4.0,1049.0,82.0,4.0,http://www.kdca.go.kr//board/board.es?mid=a30402000000&bid=0030&act=view&list_no=366485&tag=&nPage=45
2020-03-08,7134.0,120.0,97.0,5381.0,9.0,13.0,18.0,24.0,3.0,141.0,27.0,24.0,98.0,7.0,4.0,1081.0,83.0,4.0,http://www.kdca.go.kr//board/board.es?mid=a30402000000&bid=0030&act=view&list_no=366490&tag=&nPage=45
2020-03-09,7382.0,130.0,96.0,5571.0,9.0,15.0,19.0,24.0,6.0,152.0,28.0,25.0,102.0,7.0,4.0,1107.0,83.0,4.0,http://www.kdca.go.kr//board/board.es?mid=a30402000000&bid=0030&act=view&list_no=366496&tag=&nPage=45
2020-03-10,7513.0,141.0,96.0,5663.0,13.0,15.0,18.0,24.0,8.0,163.0,28.0,25.0,104.0,7.0,4.0,1117.0,83.0,4.0,http://www.kdca.go.kr//board/board.es?mid=a30402000000&bid=0030&act=view&list_no=366513&tag=&nPage=45
2020-03-11,7755.0,193.0,98.0,5794.0,25.0,15.0,18.0,25.0,10.0,175.0,29.0,27.0,112.0,7.0,4.0,1135.0,84.0,4.0,http://www.kdca.go.kr//board/board.es?mid=a30402000000&bid=0030&act=view&list_no=366523&tag=&nPage=44
2020-03-12,7869.0,212.0,99.0,5867.0,25.0,15.0,20.0,25.0,15.0,178.0,29.0,27.0,114.0,7.0,4.0,1143.0,85.0,4.0,http://www.kdca.go.kr//board/board.es?mid=a30402000000&bid=0030&act=view&list_no=366537&tag=&nPage=44
2020-03-13,7979.0,225.0,100.0,5928.0,27.0,15.0,22.0,27.0,32.0,185.0,29.0,27.0,115.0,7.0,4.0,1147.0,85.0,4.0,http://www.kdca.go.kr//board/board.es?mid=a30402000000&bid=0030&act=view&list_no=366549&tag=&nPage=44
2020-03-14,8086.0,238.0,103.0,5990.0,28.0,15.0,22.0,27.0,38.0,200.0,29.0,28.0,115.0,7.0,4.0,1153.0,85.0,4.0,http://www.kdca.go.kr//board/board.es?mid=a30402000000&bid=0030&act=view&list_no=366553&tag=&nPage=44
2020-03-15,8162.0,247.0,106.0,6031.0,30.0,16.0,22.0,28.0,39.0,211.0,29.0,31.0,115.0,7.0,4.0,1157.0,85.0,4.0,http://www.kdca.go.kr//board/board.es?mid=a30402000000&bid=0030&act=view&list_no=366557&tag=&nPage=44
2020-03-16,8236.0,253.0,107.0,6066.0,30.0,16.0,22.0,28.0,40.0,231.0,29.0,31.0,115.0,7.0,4.0,1164.0,85.0,4.0,http://www.kdca.go.kr//board/board.es?mid=a30402000000&bid=0030&act=view&list_no=366568&tag=&nPage=43
2020-03-17,8320.0,265.0,107.0,6098.0,31.0,16.0,22.0,28.0,40.0,262.0,29.0,31.0,115.0,7.0,4.0,1169.0,86.0,4.0,http://www.kdca.go.kr//board/board.es?mid=a30402000000&bid=0030&act=view&list_no=366578&tag=&nPage=43
2020-03-18,8413.0,270.0,107.0,6144.0,32.0,17.0,22.0,30.0,41.0,277.0,30.0,32.0,118.0,9.0,5.0,1178.0,86.0,4.0,http://www.kdca.go.kr//board/board.es?mid=a30402000000&bid=0030&act=view&list_no=366586&tag=&nPage=43
2020-03-19,8565.0,282.0,107.0,6241.0,32.0,17.0,22.0,36.0,41.0,295.0,30.0,33.0,118.0,10.0,5.0,1190.0,86.0,4.0,http://www.kdca.go.kr//board/board.es?mid=a30402000000&bid=0030&act=view&list_no=366592&tag=&nPage=43
2020-03-20,8652.0,299.0,108.0,6275.0,36.0,18.0,22.0,36.0,41.0,309.0,30.0,33.0,119.0,10.0,5.0,1203.0,87.0,4.0,http://www.kdca.go.kr//board/board.es?mid=a30402000000&bid=0030&act=view&list_no=366611&tag=&nPage=43
2020-03-21,8799.0,314.0,108.0,6344.0,40.0,18.0,22.0,36.0,41.0,321.0,30.0,34.0,119.0,10.0,5.0,1243.0,87.0,4.0,http://www.kdca.go.kr//board/board.es?mid=a30402000000&bid=0030&act=view&list_no=366616&tag=&nPage=42
2020-03-22,8897.0,324.0,108.0,6387.0,40.0,19.0,24.0,36.0,41.0,337.0,30.0,35.0,120.0,10.0,6.0,1254.0,88.0,4.0,http://www.kdca.go.kr//board/board.es?mid=a30402000000&bid=0030&act=view&list_no=366621&tag=&nPage=42
2020-03-23,8961.0,330.0,109.0,6411.0,40.0,19.0,24.0,36.0,42.0,351.0,30.0,37.0,120.0,10.0,6.0,1256.0,89.0,4.0,http://www.kdca.go.kr//board/board.es?mid=a30402000000&bid=0030&act=view&list_no=366627&tag=&nPage=42
2020-03-24,9037.0,334.0,111.0,6442.0,41.0,19.0,24.0,36.0,42.0,366.0,30.0,38.0,120.0,10.0,6.0,1257.0,90.0,4.0,http://www.kdca.go.kr//board/board.es?mid=a30402000000&bid=0030&act=view&list_no=366633&tag=&nPage=42
2020-03-25,9137.0,347.0,112.0,6456.0,42.0,19.0,24.0,37.0,44.0,387.0,31.0,38.0,123.0,10.0,8.0,1262.0,90.0,6.0,http://www.kdca.go.kr//board/board.es?mid=a30402000000&bid=0030&act=view&list_no=366640&tag=&nPage=42
2020-03-26,9241.0,360.0,112.0,6482.0,43.0,19.0,30.0,37.0,44.0,401.0,31.0,39.0,124.0,10.0,8.0,1274.0,90.0,6.0,http://www.kdca.go.kr//board/board.es?mid=a30402000000&bid=0030&act=view&list_no=366650&tag=&nPage=41
2020-03-27,9332.0,372.0,113.0,6516.0,46.0,20.0,31.0,39.0,44.0,412.0,31.0,41.0,124.0,10.0,8.0,1283.0,91.0,7.0,http://www.kdca.go.kr//board/board.es?mid=a30402000000&bid=0030&act=view&list_no=366670&tag=&nPage=41
2020-03-28,9478.0,390.0,114.0,6587.0,51.0,20.0,31.0,39.0,44.0,433.0,32.0,41.0,126.0,10.0,8.0,1285.0,91.0,8.0,http://www.kdca.go.kr//board/board.es?mid=a30402000000&bid=0030&act=view&list_no=366674&tag=&nPage=41
2020-03-29,9583.0,410.0,117.0,6610.0,58.0,20.0,34.0,39.0,46.0,448.0,34.0,41.0,127.0,12.0,9.0,1287.0,94.0,8.0,http://www.kdca.go.kr//board/board.es?mid=a30402000000&bid=0030&act=view&list_no=366678&tag=&nPage=41
2020-03-30,9661.0,245.0,118.0,6647.0,61.0,20.0,35.0,39.0,46.0,462.0,35.0,42.0,127.0,12.0,9.0,1293.0,95.0,8.0,http://www.kdca.go.kr//board/board.es?mid=a30402000000&bid=0030&act=view&list_no=366687&tag=&nPage=41
2020-03-31,9786.0,450.0,119.0,6684.0,64.0,20.0,36.0,39.0,46.0,476.0,36.0,44.0,128.0,13.0,9.0,1300.0,96.0,9.0,http://www.kdca.go.kr//board/board.es?mid=a30402000000&bid=0030&act=view&list_no=366691&tag=&nPage=40
2020-04-01,9887.0,474.0,122.0,6704.0,69.0,24.0,36.0,39.0,46.0,499.0,38.0,44.0,131.0,14.0,12.0,1302.0,100.0,9.0,http://www.kdca.go.kr//board/board.es?mid=a30402000000&bid=0030&act=view&list_no=366702&tag=&nPage=40
2020-04-02,9976.0,488.0,122.0,6725.0,73.0,25.0,36.0,40.0,46.0,516.0,39.0,44.0,133.0,14.0,14.0,1304.0,106.0,9.0,http://www.kdca.go.kr//board/board.es?mid=a30402000000&bid=0030&act=view&list_no=366711&tag=&nPage=40
2020-04-03,10062.0,506.0,122.0,6734.0,74.0,26.0,36.0,40.0,46.0,539.0,41.0,45.0,134.0,15.0,15.0,1309.0,107.0,9.0,http://www.kdca.go.kr//board/board.es?mid=a30402000000&bid=0030&act=view&list_no=366731&tag=&nPage=40
2020-04-04,10156.0,528.0,122.0,6761.0,77.0,26.0,36.0,40.0,46.0,562.0,42.0,45.0,135.0,15.0,15.0,1310.0,108.0,9.0,http://www.kdca.go.kr//board/board.es?mid=a30402000000&bid=0030&act=view&list_no=366735&tag=&nPage=40
2020-04-05,10237.0,552.0,122.0,6768.0,79.0,27.0,37.0,40.0,46.0,572.0,45.0,45.0,135.0,16.0,15.0,1314.0,109.0,12.0,http://www.kdca.go.kr//board/board.es?mid=a30402000000&bid=0030&act=view&list_no=366739&tag=&nPage=39
2020-04-06,10284.0,563.0,122.0,6781.0,80.0,27.0,39.0,40.0,46.0,580.0,45.0,45.0,136.0,16.0,15.0,1316.0,111.0,12.0,http://www.kdca.go.kr//board/board.es?mid=a30402000000&bid=0030&act=view&list_no=366745&tag=&nPage=39
2020-04-07,10331.0,567.0,123.0,6794.0,80.0,27.0,39.0,40.0,46.0,590.0,47.0,45.0,137.0,16.0,15.0,1317.0,112.0,12.0,http://www.kdca.go.kr//board/board.es?mid=a30402000000&bid=0030&act=view&list_no=366766&tag=&nPage=39
2020-04-08,10384.0,578.0,125.0,6803.0,84.0,27.0,39.0,40.0,46.0,596.0,49.0,45.0,137.0,17.0,15.0,1320.0,113.0,12.0,http://www.kdca.go.kr//board/board.es?mid=a30402000000&bid=0030&act=view&list_no=366773&tag=&nPage=39
2020-04-09,10423.0,590.0,125.0,6807.0,84.0,27.0,39.0,40.0,46.0,606.0,49.0,45.0,138.0,17.0,15.0,1320.0,115.0,12.0,http://www.kdca.go.kr//board/board.es?mid=a30402000000&bid=0030&act=view&list_no=366789&tag=&nPage=39
2020-04-10,10450.0,595.0,126.0,6807.0,85.0,27.0,39.0,40.0,46.0,615.0,49.0,45.0,138.0,17.0,15.0,1327.0,115.0,12.0,http://www.kdca.go.kr//board/board.es?mid=a30402000000&bid=0030&act=view&list_no=366806&tag=&nPage=38
2020-04-11,10480.0,599.0,126.0,6814.0,85.0,27.0,39.0,41.0,46.0,624.0,49.0,45.0,138.0,17.0,15.0,1330.0,115.0,12.0,http://www.kdca.go.kr//board/board.es?mid=a30402000000&bid=0030&act=view&list_no=366810&tag=&nPage=38
2020-04-12,10512.0,602.0,126.0,6816.0,86.0,27.0,39.0,41.0,46.0,628.0,49.0,45.0,139.0,17.0,15.0,1333.0,115.0,12.0,http://www.kdca.go.kr//board/board.es?mid=a30402000000&bid=0030&act=view&list_no=366814&tag=&nPage=38
2020-04-13,10537.0,610.0,126.0,6819.0,87.0,27.0,39.0,41.0,46.0,631.0,49.0,45.0,139.0,17.0,15.0,1337.0,115.0,12.0,http://www.kdca.go.kr//board/board.es?mid=a30402000000&bid=0030&act=view&list_no=366879&tag=&nPage=38
2020-04-14,10564.0,612.0,126.0,6822.0,88.0,27.0,39.0,42.0,46.0,639.0,49.0,45.0,139.0,17.0,15.0,1342.0,115.0,12.0,http://www.kdca.go.kr//board/board.es?mid=a30402000000&bid=0030&act=view&list_no=366890&tag=&nPage=38
2020-04-15,10591.0,617.0,127.0,6823.0,88.0,28.0,39.0,42.0,46.0,645.0,51.0,45.0,139.0,17.0,15.0,1348.0,115.0,13.0,http://www.kdca.go.kr//board/board.es?mid=a30402000000&bid=0030&act=view&list_no=366892&tag=&nPage=38
2020-04-16,10613.0,619.0,130.0,6827.0,88.0,28.0,39.0,42.0,46.0,649.0,52.0,45.0,139.0,17.0,15.0,1352.0,115.0,13.0,http://www.kdca.go.kr//board/board.es?mid=a30402000000&bid=0030&act=view&list_no=366909&tag=&nPage=37
2020-04-17,10635.0,621.0,130.0,6827.0,89.0,30.0,40.0,42.0,46.0,650.0,52.0,45.0,139.0,17.0,15.0,1356.0,115.0,13.0,http://www.kdca.go.kr//board/board.es?mid=a30402000000&bid=0030&act=view&list_no=366938&tag=&nPage=37
2020-04-18,10653.0,622.0,130.0,6830.0,90.0,30.0,39.0,42.0,46.0,654.0,53.0,45.0,141.0,17.0,15.0,1358.0,116.0,13.0,http://www.kdca.go.kr//board/board.es?mid=a30402000000&bid=0030&act=view&list_no=366943&tag=&nPage=37
2020-04-19,10661.0,624.0,130.0,6832.0,91.0,30.0,39.0,42.0,46.0,654.0,53.0,45.0,141.0,17.0,15.0,1359.0,116.0,13.0,http://www.kdca.go.kr//board/board.es?mid=a30402000000&bid=0030&act=view&list_no=366947&tag=&nPage=37
2020-04-20,10674.0,624.0,132.0,6833.0,92.0,30.0,39.0,43.0,46.0,656.0,53.0,45.0,141.0,17.0,15.0,1361.0,116.0,13.0,http://www.kdca.go.kr//board/board.es?mid=a30402000000&bid=0030&act=view&list_no=366956&tag=&nPage=37
2020-04-21,10683.0,626.0,132.0,6835.0,92.0,30.0,39.0,43.0,46.0,658.0,53.0,45.0,141.0,17.0,15.0,1361.0,116.0,13.0,http://www.kdca.go.kr//board/board.es?mid=a30402000000&bid=0030&act=view&list_no=366964&tag=&nPage=36
2020-04-22,10694.0,628.0,134.0,6836.0,92.0,30.0,40.0,43.0,46.0,658.0,53.0,45.0,141.0,17.0,15.0,1363.0,117.0,13.0,http://www.kdca.go.kr//board/board.es?mid=a30402000000&bid=0030&act=view&list_no=366972&tag=&nPage=36
2020-04-23,10702.0,628.0,135.0,6840.0,92.0,30.0,40.0,43.0,46.0,659.0,53.0,45.0,141.0,17.0,15.0,1363.0,117.0,13.0,http://www.kdca.go.kr//board/board.es?mid=a30402000000&bid=0030&act=view&list_no=366977&tag=&nPage=36
2020-04-24,10708.0,628.0,136.0,6842.0,92.0,30.0,40.0,43.0,46.0,660.0,53.0,45.0,141.0,17.0,15.0,1364.0,117.0,13.0,http://www.kdca.go.kr//board/board.es?mid=a30402000000&bid=0030&act=view&list_no=367002&tag=&nPage=36
2020-04-25,10718.0,629.0,136.0,6845.0,92.0,30.0,40.0,43.0,46.0,662.0,53.0,45.0,141.0,17.0,15.0,1364.0,117.0,13.0,http://www.kdca.go.kr//board/board.es?mid=a30402000000&bid=0030&act=view&list_no=367007&tag=&nPage=36
2020-04-26,10728.0,629.0,137.0,6846.0,92.0,30.0,40.0,43.0,46.0,668.0,53.0,45.0,141.0,18.0,15.0,1364.0,117.0,13.0,http://www.kdca.go.kr//board/board.es?mid=a30402000000&bid=0030&act=view&list_no=367011&tag=&nPage=35
2020-04-27,10738.0,629.0,137.0,6847.0,92.0,30.0,40.0,43.0,46.0,671.0,53.0,45.0,142.0,18.0,15.0,1364.0,117.0,13.0,http://www.kdca.go.kr//board/board.es?mid=a30402000000&bid=0030&act=view&list_no=367016&tag=&nPage=35
2020-04-28,10752.0,633.0,137.0,6849.0,93.0,30.0,40.0,43.0,46.0,674.0,53.0,45.0,142.0,18.0,15.0,1365.0,117.0,13.0,http://www.kdca.go.kr//board/board.es?mid=a30402000000&bid=0030&act=view&list_no=367021&tag=&nPage=35
2020-04-29,10761.0,633.0,137.0,6852.0,93.0,30.0,40.0,43.0,46.0,676.0,53.0,45.0,143.0,18.0,15.0,1365.0,117.0,13.0,http://www.kdca.go.kr//board/board.es?mid=a30402000000&bid=0030&act=view&list_no=367037&tag=&nPage=35
2020-04-30,10765.0,633.0,137.0,6852.0,93.0,30.0,40.0,43.0,46.0,676.0,53.0,45.0,143.0,18.0,15.0,1365.0,117.0,13.0,http://www.kdca.go.kr//board/board.es?mid=a30402000000&bid=0030&act=view&list_no=367053&tag=&nPage=35
2020-05-01,10774.0,634.0,137.0,6852.0,94.0,30.0,40.0,43.0,46.0,678.0,53.0,45.0,143.0,18.0,15.0,1366.0,117.0,13.0,http://www.kdca.go.kr//board/board.es?mid=a30402000000&bid=0030&act=view&list_no=367062&tag=&nPage=34
2020-05-02,10780.0,635.0,138.0,6852.0,95.0,30.0,40.0,43.0,46.0,678.0,53.0,45.0,143.0,18.0,15.0,1366.0,117.0,13.0,http://www.kdca.go.kr//board/board.es?mid=a30402000000&bid=0030&act=view&list_no=367066&tag=&nPage=34
2020-05-03,10793.0,637.0,138.0,6856.0,95.0,30.0,40.0,43.0,46.0,680.0,53.0,45.0,143.0,18.0,15.0,1366.0,117.0,13.0,http://www.kdca.go.kr//board/board.es?mid=a30402000000&bid=0030&act=view&list_no=367070&tag=&nPage=34
2020-05-04,10801.0,637.0,138.0,6856.0,96.0,30.0,40.0,44.0,46.0,681.0,53.0,45.0,143.0,18.0,16.0,1366.0,117.0,13.0,http://www.kdca.go.kr//board/board.es?mid=a30402000000&bid=0030&act=view&list_no=367074&tag=&nPage=34
2020-05-05,10804.0,637.0,138.0,6856.0,97.0,30.0,40.0,44.0,46.0,681.0,53.0,45.0,143.0,18.0,16.0,1366.0,117.0,13.0,http://www.kdca.go.kr//board/board.es?mid=a30402000000&bid=0030&act=view&list_no=367086&tag=&nPage=34
2020-05-06,10806.0,637.0,138.0,6856.0,97.0,30.0,40.0,44.0,46.0,681.0,53.0,45.0,143.0,18.0,16.0,1366.0,117.0,13.0,http://www.kdca.go.kr//board/board.es?mid=a30402000000&bid=0030&act=view&list_no=367092&tag=&nPage=33
2020-05-07,10810.0,637.0,138.0,6856.0,97.0,30.0,41.0,44.0,46.0,682.0,53.0,46.0,143.0,18.0,16.0,1366.0,117.0,13.0,http://www.kdca.go.kr//board/board.es?mid=a30402000000&bid=0030&act=view&list_no=367155&tag=&nPage=33
2020-05-08,10822.0,637.0,140.0,6859.0,97.0,30.0,41.0,44.0,46.0,684.0,53.0,47.0,143.0,19.0,16.0,1366.0,117.0,13.0,http://www.kdca.go.kr//board/board.es?mid=a30402000000&bid=0030&act=view&list_no=367177&tag=&nPage=33
2020-05-09,10840.0,649.0,141.0,6859.0,98.0,30.0,41.0,44.0,46.0,688.0,53.0,47.0,143.0,19.0,16.0,1366.0,117.0,13.0,http://www.kdca.go.kr//board/board.es?mid=a30402000000&bid=0030&act=view&list_no=367182&tag=&nPage=33
2020-05-10,10874.0,663.0,141.0,6861.0,101.0,30.0,41.0,44.0,46.0,694.0,53.0,49.0,143.0,19.0,16.0,1366.0,117.0,14.0,http://www.kdca.go.kr//board/board.es?mid=a30402000000&bid=0030&act=view&list_no=367186&tag=&nPage=33
2020-05-11,10909.0,683.0,141.0,6861.0,104.0,30.0,41.0,44.0,47.0,698.0,54.0,52.0,143.0,19.0,16.0,1366.0,117.0,14.0,http://www.kdca.go.kr//board/board.es?mid=a30402000000&bid=0030&act=view&list_no=367194&tag=&nPage=32
2020-05-12,10936.0,695.0,141.0,6862.0,105.0,30.0,43.0,44.0,47.0,706.0,54.0,52.0,143.0,19.0,16.0,1367.0,118.0,14.0,http://www.kdca.go.kr//board/board.es?mid=a30402000000&bid=0030&act=view&list_no=367200&tag=&nPage=32
2020-05-13,10962.0,707.0,144.0,6865.0,107.0,30.0,43.0,45.0,47.0,708.0,54.0,52.0,143.0,20.0,16.0,1367.0,119.0,14.0,http://www.kdca.go.kr//board/board.es?mid=a30402000000&bid=0030&act=view&list_no=367207&tag=&nPage=32
2020-05-14,10991.0,711.0,144.0,6865.0,119.0,30.0,43.0,45.0,47.0,714.0,55.0,55.0,144.0,20.0,17.0,1368.0,119.0,14.0,http://www.kdca.go.kr//board/board.es?mid=a30402000000&bid=0030&act=view&list_no=367212&tag=&nPage=32
2020-05-15,11018.0,725.0,144.0,6868.0,124.0,30.0,43.0,45.0,47.0,717.0,55.0,55.0,144.0,20.0,18.0,1368.0,119.0,14.0,http://www.kdca.go.kr//board/board.es?mid=a30402000000&bid=0030&act=view&list_no=367237&tag=&nPage=32
2020-05-16,11037.0,730.0,144.0,6869.0,124.0,30.0,43.0,45.0,47.0,721.0,55.0,56.0,144.0,20.0,18.0,1368.0,119.0,14.0,http://www.kdca.go.kr//board/board.es?mid=a30402000000&bid=0030&act=view&list_no=367241&tag=&nPage=31
2020-05-17,11050.0,735.0,144.0,6870.0,124.0,30.0,44.0,45.0,47.0,721.0,55.0,56.0,144.0,20.0,18.0,1368.0,121.0,14.0,http://www.kdca.go.kr//board/board.es?mid=a30402000000&bid=0030&act=view&list_no=367246&tag=&nPage=31
2020-05-18,11065.0,736.0,144.0,6871.0,124.0,30.0,44.0,45.0,47.0,724.0,55.0,59.0,144.0,20.0,18.0,1368.0,121.0,14.0,http://www.kdca.go.kr//board/board.es?mid=a30402000000&bid=0030&act=view&list_no=367251&tag=&nPage=31
2020-05-19,11078.0,742.0,144.0,6871.0,126.0,30.0,44.0,49.0,47.0,725.0,55.0,59.0,144.0,20.0,18.0,1368.0,121.0,14.0,http://www.kdca.go.kr//board/board.es?mid=a30402000000&bid=0030&act=view&list_no=367264&tag=&nPage=31
2020-05-20,11110.0,752.0,144.0,6872.0,134.0,30.0,44.0,49.0,47.0,735.0,55.0,59.0,144.0,21.0,18.0,1368.0,121.0,14.0,http://www.kdca.go.kr//board/board.es?mid=a30402000000&bid=0030&act=view&list_no=367275&tag=&nPage=31
2020-05-21,11122.0,756.0,144.0,6872.0,140.0,30.0,44.0,49.0,47.0,735.0,55.0,59.0,145.0,21.0,18.0,1368.0,121.0,14.0,http://www.kdca.go.kr//board/board.es?mid=a30402000000&bid=0030&act=view&list_no=367284&tag=&nPage=30
2020-05-22,11142.0,758.0,144.0,6872.0,141.0,30.0,44.0,50.0,47.0,741.0,55.0,59.0,145.0,21.0,18.0,1370.0,122.0,14.0,http://www.kdca.go.kr//board/board.es?mid=a30402000000&bid=0030&act=view&list_no=367309&tag=&nPage=30
2020-05-23,11165.0,762.0,144.0,6873.0,141.0,30.0,45.0,50.0,47.0,754.0,55.0,59.0,145.0,21.0,18.0,1370.0,123.0,14.0,http://www.kdca.go.kr//board/board.es?mid=a30402000000&bid=0030&act=view&list_no=367313&tag=&nPage=30
2020-05-24,11190.0,768.0,144.0,6873.0,143.0,30.0,45.0,50.0,47.0,760.0,56.0,59.0,145.0,21.0,18.0,1376.0,123.0,14.0,http://www.kdca.go.kr//board/board.es?mid=a30402000000&bid=0030&act=view&list_no=367318&tag=&nPage=30
2020-05-25,11206.0,774.0,144.0,6874.0,144.0,30.0,45.0,50.0,47.0,766.0,56.0,59.0,145.0,21.0,18.0,1377.0,123.0,14.0,http://www.kdca.go.kr//board/board.es?mid=a30402000000&bid=0030&act=view&list_no=367326&tag=&nPage=30
2020-05-26,11225.0,783.0,144.0,6875.0,147.0,30.0,45.0,50.0,47.0,768.0,56.0,60.0,145.0,21.0,18.0,1378.0,123.0,14.0,http://www.kdca.go.kr//board/board.es?mid=a30402000000&bid=0030&act=view&list_no=367333&tag=&nPage=29
2020-05-27,11265.0,802.0,144.0,6878.0,158.0,30.0,45.0,50.0,47.0,774.0,56.0,60.0,145.0,21.0,18.0,1378.0,123.0,14.0,http://www.kdca.go.kr//board/board.es?mid=a30402000000&bid=0030&act=view&list_no=367341&tag=&nPage=29
2020-05-28,11344.0,826.0,145.0,6880.0,180.0,30.0,45.0,50.0,47.0,795.0,56.0,60.0,146.0,21.0,18.0,1379.0,123.0,14.0,http://www.kdca.go.kr//board/board.es?mid=a30402000000&bid=0030&act=view&list_no=367349&tag=&nPage=29
2020-05-29,11402.0,846.0,145.0,6880.0,198.0,30.0,45.0,50.0,47.0,815.0,56.0,60.0,146.0,21.0,18.0,1379.0,123.0,14.0,http://www.kdca.go.kr//board/board.es?mid=a30402000000&bid=0030&act=view&list_no=367370&tag=&nPage=29
2020-05-30,11441.0,855.0,146.0,6882.0,203.0,32.0,45.0,50.0,47.0,828.0,57.0,60.0,146.0,21.0,19.0,1379.0,123.0,14.0,http://www.kdca.go.kr//board/board.es?mid=a30402000000&bid=0030&act=view&list_no=367375&tag=&nPage=29
2020-05-31,11468.0,861.0,147.0,6883.0,206.0,32.0,46.0,52.0,47.0,840.0,57.0,60.0,146.0,21.0,19.0,1379.0,123.0,15.0,http://www.kdca.go.kr//board/board.es?mid=a30402000000&bid=0030&act=view&list_no=367380&tag=&nPage=28
2020-06-01,11503.0,862.0,147.0,6884.0,224.0,32.0,46.0,52.0,47.0,852.0,57.0,60.0,146.0,21.0,20.0,1379.0,123.0,15.0,http://www.kdca.go.kr//board/board.es?mid=a30402000000&bid=0030&act=view&list_no=367388&tag=&nPage=28
2020-06-02,11541.0,876.0,147.0,6884.0,232.0,32.0,46.0,52.0,47.0,867.0,57.0,60.0,146.0,21.0,20.0,1379.0,123.0,15.0,http://www.kdca.go.kr//board/board.es?mid=a30402000000&bid=0030&act=view&list_no=367397&tag=&nPage=28
2020-06-03,11590.0,895.0,147.0,6885.0,249.0,32.0,46.0,52.0,47.0,879.0,57.0,60.0,146.0,21.0,20.0,1379.0,123.0,15.0,http://www.kdca.go.kr//board/board.es?mid=a30402000000&bid=0030&act=view&list_no=367407&tag=&nPage=28
2020-06-04,11629.0,909.0,147.0,6885.0,256.0,32.0,46.0,52.0,47.0,894.0,57.0,60.0,146.0,21.0,20.0,1380.0,123.0,15.0,http://www.kdca.go.kr//board/board.es?mid=a30402000000&bid=0030&act=view&list_no=367417&tag=&nPage=28
2020-06-05,11668.0,924.0,147.0,6886.0,262.0,32.0,46.0,52.0,47.0,907.0,57.0,60.0,147.0,21.0,20.0,1382.0,123.0,15.0,http://www.kdca.go.kr//board/board.es?mid=a30402000000&bid=0030&act=view&list_no=367442&tag=&nPage=27
2020-06-06,11719.0,947.0,147.0,6886.0,273.0,32.0,46.0,52.0,47.0,915.0,58.0,60.0,148.0,21.0,20.0,1383.0,124.0,15.0,http://www.kdca.go.kr//board/board.es?mid=a30402000000&bid=0030&act=view&list_no=367447&tag=&nPage=27
2020-06-07,11776.0,974.0,147.0,6887.0,279.0,32.0,46.0,53.0,47.0,934.0,58.0,61.0,148.0,21.0,20.0,1383.0,124.0,15.0,http://www.kdca.go.kr//board/board.es?mid=a30402000000&bid=0030&act=view&list_no=367452&tag=&nPage=27
2020-06-08,11814.0,996.0,147.0,6888.0,283.0,32.0,46.0,53.0,47.0,942.0,58.0,61.0,148.0,21.0,20.0,1383.0,124.0,15.0,http://www.kdca.go.kr//board/board.es?mid=a30402000000&bid=0030&act=view&list_no=367457&tag=&nPage=27
2020-06-09,11852.0,1015.0,147.0,6888.0,286.0,32.0,46.0,53.0,47.0,955.0,58.0,61.0,150.0,21.0,20.0,1383.0,125.0,15.0,http://www.kdca.go.kr//board/board.es?mid=a30402000000&bid=0030&act=view&list_no=367472&tag=&nPage=27
2020-06-10,11902.0,1027.0,147.0,6888.0,294.0,32.0,46.0,53.0,47.0,976.0,59.0,61.0,150.0,21.0,20.0,1383.0,127.0,15.0,http://www.kdca.go.kr//board/board.es?mid=a30402000000&bid=0030&act=view&list_no=367479&tag=&nPage=26
2020-06-11,11947.0,1048.0,147.0,6888.0,300.0,32.0,46.0,53.0,47.0,992.0,59.0,61.0,150.0,21.0,20.0,1383.0,127.0,15.0,http://www.kdca.go.kr//board/board.es?mid=a30402000000&bid=0030&act=view&list_no=367497&tag=&nPage=26
2020-06-12,12003.0,1073.0,147.0,6889.0,301.0,32.0,46.0,53.0,47.0,1011.0,59.0,61.0,150.0,21.0,20.0,1383.0,127.0,15.0,http://www.kdca.go.kr//board/board.es?mid=a30402000000&bid=0030&act=view&list_no=367506&tag=&nPage=26
2020-06-13,12051.0,1101.0,147.0,6892.0,302.0,32.0,46.0,53.0,47.0,1025.0,59.0,61.0,151.0,21.0,20.0,1383.0,127.0,15.0,http://www.kdca.go.kr//board/board.es?mid=a30402000000&bid=0030&act=view&list_no=367511&tag=&nPage=26
2020-06-14,12085.0,1113.0,147.0,6894.0,310.0,32.0,46.0,53.0,47.0,1035.0,60.0,61.0,151.0,21.0,20.0,1383.0,127.0,15.0,http://www.kdca.go.kr//board/board.es?mid=a30402000000&bid=0030&act=view&list_no=367515&tag=&nPage=26
2020-06-15,12121.0,1120.0,147.0,6894.0,318.0,32.0,46.0,53.0,47.0,1045.0,60.0,61.0,152.0,21.0,20.0,1383.0,130.0,15.0,http://www.kdca.go.kr//board/board.es?mid=a30402000000&bid=0030&act=view&list_no=367523&tag=&nPage=25
2020-06-16,12155.0,1132.0,148.0,6894.0,320.0,32.0,49.0,53.0,47.0,1050.0,60.0,61.0,152.0,21.0,20.0,1383.0,132.0,15.0,http://www.kdca.go.kr//board/board.es?mid=a30402000000&bid=0030&act=view&list_no=367529&tag=&nPage=25
2020-06-17,12198.0,1145.0,148.0,6895.0,322.0,32.0,54.0,53.0,47.0,1063.0,60.0,61.0,153.0,21.0,20.0,1383.0,132.0,16.0,http://www.kdca.go.kr//board/board.es?mid=a30402000000&bid=0030&act=view&list_no=367536&tag=&nPage=25
2020-06-18,12257.0,1170.0,148.0,6896.0,323.0,32.0,61.0,53.0,48.0,1079.0,60.0,61.0,156.0,22.0,20.0,1383.0,132.0,16.0,http://www.kdca.go.kr//board/board.es?mid=a30402000000&bid=0030&act=view&list_no=367554&tag=&nPage=25
2020-06-19,12306.0,1188.0,148.0,6896.0,323.0,32.0,67.0,53.0,48.0,1090.0,60.0,61.0,156.0,22.0,20.0,1383.0,132.0,19.0,http://www.kdca.go.kr//board/board.es?mid=a30402000000&bid=0030&act=view&list_no=367565&tag=&nPage=25
2020-06-20,12373.0,1202.0,150.0,6898.0,328.0,32.0,72.0,53.0,48.0,1107.0,60.0,61.0,158.0,23.0,20.0,1384.0,132.0,19.0,http://www.kdca.go.kr//board/board.es?mid=a30402000000&bid=0030&act=view&list_no=367571&tag=&nPage=24
2020-06-21,12421.0,1219.0,150.0,6899.0,328.0,33.0,82.0,53.0,49.0,1117.0,62.0,61.0,159.0,23.0,20.0,1384.0,133.0,19.0,http://www.kdca.go.kr//board/board.es?mid=a30402000000&bid=0030&act=view&list_no=367575&tag=&nPage=24
2020-06-22,12438.0,1224.0,150.0,6900.0,329.0,33.0,82.0,53.0,49.0,1123.0,62.0,61.0,161.0,24.0,20.0,1385.0,133.0,19.0,http://www.kdca.go.kr//board/board.es?mid=a30402000000&bid=0030&act=view&list_no=367585&tag=&nPage=24
2020-06-23,12484.0,1230.0,150.0,6901.0,330.0,33.0,86.0,53.0,49.0,1130.0,62.0,62.0,161.0,24.0,20.0,1385.0,133.0,19.0,http://www.kdca.go.kr//board/board.es?mid=a30402000000&bid=0030&act=view&list_no=367590&tag=&nPage=24
2020-06-24,12535.0,1241.0,152.0,6903.0,333.0,33.0,94.0,55.0,49.0,1137.0,63.0,62.0,162.0,25.0,20.0,1386.0,133.0,19.0,http://www.kdca.go.kr//board/board.es?mid=a30402000000&bid=0030&act=view&list_no=367602&tag=&nPage=24
2020-06-25,12563.0,1250.0,152.0,6903.0,334.0,33.0,98.0,55.0,49.0,1146.0,63.0,62.0,163.0,25.0,20.0,1386.0,133.0,19.0,http://www.kdca.go.kr//board/board.es?mid=a30402000000&bid=0030&act=view&list_no=367612&tag=&nPage=23
2020-06-26,12602.0,1267.0,152.0,6903.0,336.0,33.0,102.0,55.0,49.0,1150.0,64.0,62.0,166.0,25.0,20.0,1387.0,133.0,19.0,http://www.kdca.go.kr//board/board.es?mid=a30402000000&bid=0030&act=view&list_no=367635&tag=&nPage=23
2020-06-27,12653.0,1284.0,152.0,6904.0,337.0,33.0,104.0,55.0,49.0,1167.0,64.0,63.0,166.0,26.0,20.0,1387.0,133.0,19.0,http://www.kdca.go.kr//board/board.es?mid=a30402000000&bid=0030&act=view&list_no=367641&tag=&nPage=23
2020-06-28,12715.0,1298.0,152.0,6904.0,337.0,37.0,110.0,55.0,49.0,1184.0,64.0,64.0,167.0,26.0,23.0,1387.0,133.0,19.0,http://www.kdca.go.kr//board/board.es?mid=a30402000000&bid=0030&act=view&list_no=367645&tag=&nPage=23
2020-06-29,12757.0,1305.0,153.0,6906.0,338.0,41.0,112.0,55.0,49.0,1200.0,64.0,64.0,167.0,27.0,24.0,1388.0,134.0,19.0,http://www.kdca.go.kr//board/board.es?mid=a30402000000&bid=0030&act=view&list_no=367651&tag=&nPage=23
2020-06-30,12800.0,1312.0,154.0,6906.0,341.0,44.0,117.0,55.0,50.0,1207.0,65.0,65.0,167.0,27.0,24.0,1389.0,134.0,19.0,http://www.kdca.go.kr//board/board.es?mid=a30402000000&bid=0030&act=view&list_no=367664&tag=&nPage=22
2020-07-01,12850.0,1321.0,154.0,6907.0,343.0,56.0,121.0,55.0,50.0,1223.0,65.0,64.0,168.0,27.0,25.0,1389.0,134.0,19.0,http://www.kdca.go.kr//board/board.es?mid=a30402000000&bid=0030&act=view&list_no=367673&tag=&nPage=22
2020-07-02,12904.0,1334.0,154.0,6910.0,343.0,78.0,122.0,55.0,50.0,1233.0,65.0,64.0,171.0,27.0,25.0,1389.0,134.0,19.0,http://www.kdca.go.kr//board/board.es?mid=a30402000000&bid=0030&act=view&list_no=367680&tag=&nPage=22
2020-07-03,12967.0,1346.0,154.0,6923.0,344.0,84.0,126.0,55.0,50.0,1251.0,65.0,64.0,172.0,28.0,25.0,1390.0,136.0,19.0,http://www.kdca.go.kr//board/board.es?mid=a30402000000&bid=0030&act=view&list_no=367702&tag=&nPage=22
2020-07-04,13030.0,1353.0,155.0,6924.0,346.0,92.0,129.0,55.0,50.0,1270.0,65.0,66.0,172.0,28.0,25.0,1391.0,137.0,19.0,http://www.kdca.go.kr//board/board.es?mid=a30402000000&bid=0030&act=view&list_no=367707&tag=&nPage=22
2020-07-05,13091.0,1369.0,155.0,6924.0,346.0,108.0,137.0,55.0,50.0,1278.0,66.0,66.0,172.0,29.0,25.0,1392.0,137.0,20.0,http://www.kdca.go.kr//board/board.es?mid=a30402000000&bid=0030&act=view&list_no=367712&tag=&nPage=21
2020-07-06,13137.0,1372.0,156.0,6924.0,352.0,115.0,139.0,55.0,50.0,1284.0,67.0,66.0,173.0,29.0,27.0,1393.0,138.0,20.0,http://www.kdca.go.kr//board/board.es?mid=a30402000000&bid=0030&act=view&list_no=367718&tag=&nPage=21
2020-07-07,13181.0,1375.0,156.0,6925.0,354.0,121.0,141.0,55.0,50.0,1297.0,67.0,66.0,173.0,30.0,27.0,1393.0,138.0,20.0,http://www.kdca.go.kr//board/board.es?mid=a30402000000&bid=0030&act=view&list_no=367723&tag=&nPage=21
2020-07-08,13244.0,1385.0,156.0,6926.0,355.0,129.0,143.0,55.0,50.0,1315.0,67.0,66.0,179.0,32.0,28.0,1394.0,140.0,20.0,http://www.kdca.go.kr//board/board.es?mid=a30402000000&bid=0030&act=view&list_no=367730&tag=&nPage=21
2020-07-09,13293.0,1393.0,156.0,6926.0,358.0,144.0,149.0,55.0,50.0,1323.0,67.0,66.0,180.0,33.0,29.0,1393.0,142.0,20.0,http://www.kdca.go.kr//board/board.es?mid=a30402000000&bid=0030&act=view&list_no=367740&tag=&nPage=21
2020-07-10,13338.0,1401.0,156.0,6926.0,359.0,147.0,156.0,55.0,50.0,1337.0,67.0,68.0,180.0,33.0,32.0,1393.0,145.0,20.0,http://www.kdca.go.kr//board/board.es?mid=a30402000000&bid=0030&act=view&list_no=367762&tag=&nPage=20
2020-07-11,13373.0,1393.0,156.0,6926.0,358.0,144.0,149.0,55.0,50.0,1323.0,67.0,66.0,180.0,33.0,29.0,1393.0,142.0,20.0,http://www.kdca.go.kr//board/board.es?mid=a30402000000&bid=0030&act=view&list_no=367767&tag=&nPage=20
2020-07-12,13417.0,1416.0,156.0,6926.0,360.0,161.0,159.0,55.0,50.0,1358.0,67.0,68.0,181.0,36.0,32.0,1393.0,146.0,20.0,http://www.kdca.go.kr//board/board.es?mid=a30402000000&bid=0030&act=view&list_no=367772&tag=&nPage=20
2020-07-13,13479.0,1429.0,156.0,6927.0,363.0,168.0,159.0,55.0,50.0,1369.0,69.0,69.0,185.0,36.0,32.0,1393.0,148.0,20.0,http://www.kdca.go.kr//board/board.es?mid=a30402000000&bid=0030&act=view&list_no=367792&tag=&nPage=20
2020-07-14,13512.0,1436.0,156.0,6927.0,363.0,169.0,160.0,55.0,50.0,1378.0,69.0,70.0,185.0,38.0,32.0,1393.0,148.0,20.0,http://www.kdca.go.kr//board/board.es?mid=a30402000000&bid=0030&act=view&list_no=367802&tag=&nPage=20
2020-07-15,13551.0,1442.0,156.0,6927.0,364.0,170.0,163.0,55.0,50.0,1383.0,69.0,70.0,185.0,38.0,32.0,1393.0,148.0,20.0,http://www.kdca.go.kr//board/board.es?mid=a30402000000&bid=0030&act=view&list_no=367807&tag=&nPage=19
2020-07-16,13612.0,1449.0,156.0,6929.0,367.0,171.0,164.0,56.0,50.0,1404.0,72.0,71.0,185.0,38.0,32.0,1393.0,149.0,20.0,http://www.kdca.go.kr//board/board.es?mid=a30402000000&bid=0030&act=view&list_no=367823&tag=&nPage=19
2020-07-17,13672.0,1458.0,156.0,6929.0,367.0,176.0,165.0,56.0,50.0,1419.0,72.0,71.0,185.0,38.0,32.0,1393.0,151.0,23.0,http://www.kdca.go.kr//board/board.es?mid=a30402000000&bid=0030&act=view&list_no=367831&tag=&nPage=19
2020-07-18,13711.0,1458.0,156.0,6929.0,367.0,176.0,165.0,56.0,50.0,1419.0,72.0,71.0,185.0,38.0,32.0,1393.0,151.0,23.0,http://www.kdca.go.kr//board/board.es?mid=a30402000000&bid=0030&act=view&list_no=367835&tag=&nPage=19
2020-07-19,13745.0,1474.0,157.0,6932.0,370.0,186.0,166.0,57.0,50.0,1433.0,72.0,71.0,185.0,38.0,33.0,1393.0,153.0,25.0,http://www.kdca.go.kr//board/board.es?mid=a30402000000&bid=0030&act=view&list_no=367840&tag=&nPage=19
2020-07-20,13771.0,1477.0,157.0,6934.0,372.0,187.0,166.0,57.0,50.0,1434.0,72.0,71.0,186.0,39.0,35.0,1394.0,155.0,25.0,http://www.kdca.go.kr//board/board.es?mid=a30402000000&bid=0030&act=view&list_no=367849&tag=&nPage=18
2020-07-21,13816.0,1498.0,157.0,6936.0,372.0,187.0,166.0,57.0,50.0,1436.0,72.0,71.0,186.0,39.0,35.0,1395.0,155.0,26.0,http://www.kdca.go.kr//board/board.es?mid=a30402000000&bid=0030&act=view&list_no=367854&tag=&nPage=18
2020-07-22,13879.0,1514.0,157.0,6937.0,377.0,191.0,166.0,57.0,50.0,1451.0,72.0,72.0,187.0,39.0,35.0,1395.0,156.0,26.0,http://www.kdca.go.kr//board/board.es?mid=a30402000000&bid=0030&act=view&list_no=367861&tag=&nPage=18
2020-07-23,13938.0,1526.0,159.0,6937.0,380.0,200.0,166.0,57.0,50.0,1479.0,72.0,72.0,187.0,39.0,35.0,1395.0,156.0,26.0,http://www.kdca.go.kr//board/board.es?mid=a30402000000&bid=0030&act=view&list_no=367882&tag=&nPage=18
2020-07-24,13979.0,1547.0,161.0,6939.0,380.0,202.0,166.0,57.0,50.0,1487.0,72.0,72.0,187.0,39.0,35.0,1396.0,158.0,26.0,http://www.kdca.go.kr//board/board.es?mid=a30402000000&bid=0030&act=view&list_no=367894&tag=&nPage=18
2020-07-25,14092.0,1558.0,166.0,6939.0,380.0,202.0,166.0,58.0,50.0,1501.0,72.0,72.0,187.0,39.0,36.0,1396.0,158.0,26.0,http://www.kdca.go.kr//board/board.es?mid=a30402000000&bid=0030&act=view&list_no=367899&tag=&nPage=17
2020-07-26,14150.0,1565.0,167.0,6939.0,380.0,203.0,166.0,58.0,50.0,1508.0,72.0,72.0,187.0,39.0,36.0,1396.0,158.0,26.0,http://www.kdca.go.kr//board/board.es?mid=a30402000000&bid=0030&act=view&list_no=367906&tag=&nPage=17
2020-07-27,14175.0,1574.0,168.0,6939.0,380.0,203.0,166.0,58.0,50.0,1514.0,72.0,73.0,188.0,39.0,36.0,1396.0,158.0,26.0,http://www.kdca.go.kr//board/board.es?mid=a30402000000&bid=0030&act=view&list_no=367913&tag=&nPage=17
2020-07-28,14203.0,1580.0,170.0,6939.0,380.0,203.0,166.0,58.0,50.0,1520.0,72.0,73.0,189.0,39.0,38.0,1397.0,158.0,26.0,http://www.kdca.go.kr//board/board.es?mid=a30402000000&bid=0030&act=view&list_no=367923&tag=&nPage=17
2020-07-29,14251.0,1589.0,171.0,6939.0,383.0,204.0,166.0,59.0,50.0,1531.0,72.0,73.0,189.0,39.0,38.0,1398.0,158.0,26.0,http://www.kdca.go.kr//board/board.es?mid=a30402000000&bid=0030&act=view&list_no=367930&tag=&nPage=17
2020-07-30,14269.0,1592.0,171.0,6939.0,383.0,204.0,166.0,59.0,50.0,1536.0,72.0,73.0,189.0,39.0,38.0,1399.0,159.0,26.0,http://www.kdca.go.kr//board/board.es?mid=a30402000000&bid=0030&act=view&list_no=367938&tag=&nPage=16
2020-07-31,14305.0,1600.0,171.0,6940.0,383.0,204.0,166.0,59.0,50.0,1546.0,74.0,73.0,190.0,39.0,38.0,1401.0,159.0,26.0,http://www.kdca.go.kr//board/board.es?mid=a30402000000&bid=0030&act=view&list_no=367958&tag=&nPage=16
2020-08-01,14336.0,1602.0,172.0,6940.0,384.0,204.0,166.0,59.0,50.0,1553.0,74.0,73.0,190.0,39.0,38.0,1402.0,159.0,26.0,http://www.kdca.go.kr//board/board.es?mid=a30402000000&bid=0030&act=view&list_no=367964&tag=&nPage=16
2020-08-02,14366.0,1607.0,173.0,6942.0,384.0,205.0,166.0,59.0,50.0,1556.0,74.0,73.0,190.0,39.0,38.0,1403.0,159.0,26.0,http://www.kdca.go.kr//board/board.es?mid=a30402000000&bid=0030&act=view&list_no=367969&tag=&nPage=16
2020-08-03,14389.0,1612.0,173.0,6942.0,384.0,205.0,166.0,59.0,50.0,1557.0,74.0,73.0,190.0,39.0,38.0,1404.0,161.0,26.0,http://www.kdca.go.kr//board/board.es?mid=a30402000000&bid=0030&act=view&list_no=367974&tag=&nPage=16
2020-08-04,14423.0,1621.0,174.0,6942.0,385.0,207.0,166.0,59.0,50.0,1568.0,74.0,74.0,190.0,39.0,39.0,1405.0,161.0,26.0,http://www.kdca.go.kr//board/board.es?mid=a30402000000&bid=0030&act=view&list_no=367981&tag=&nPage=15
2020-08-05,14456.0,1627.0,174.0,6943.0,386.0,208.0,166.0,59.0,50.0,1575.0,75.0,80.0,190.0,39.0,39.0,1405.0,165.0,26.0,http://www.kdca.go.kr//board/board.es?mid=a30402000000&bid=0030&act=view&list_no=367987&tag=&nPage=15
2020-08-06,14499.0,1636.0,177.0,6943.0,386.0,208.0,166.0,59.0,50.0,1588.0,77.0,81.0,192.0,39.0,41.0,1409.0,166.0,26.0,http://www.kdca.go.kr//board/board.es?mid=a30402000000&bid=0030&act=view&list_no=367996&tag=&nPage=15
2020-08-07,14519.0,1645.0,177.0,6943.0,386.0,208.0,166.0,59.0,50.0,1593.0,77.0,81.0,192.0,39.0,41.0,1410.0,166.0,26.0,http://www.kdca.go.kr//board/board.es?mid=a30402000000&bid=0030&act=view&list_no=368060&tag=&nPage=15
2020-08-08,14562.0,1662.0,177.0,6944.0,388.0,208.0,166.0,59.0,50.0,1611.0,77.0,81.0,192.0,39.0,41.0,1410.0,166.0,26.0,http://www.kdca.go.kr//board/board.es?mid=a30402000000&bid=0030&act=view&list_no=368065&tag=&nPage=15
2020-08-09,14598.0,1675.0,177.0,6945.0,389.0,210.0,166.0,60.0,50.0,1626.0,77.0,82.0,193.0,39.0,41.0,1410.0,166.0,26.0,http://www.kdca.go.kr//board/board.es?mid=a30402000000&bid=0030&act=view&list_no=368069&tag=&nPage=14
2020-08-10,14626.0,1688.0,178.0,6945.0,389.0,210.0,166.0,60.0,50.0,1632.0,77.0,82.0,193.0,39.0,42.0,1411.0,166.0,26.0,http://www.kdca.go.kr//board/board.es?mid=a30402000000&bid=0030&act=view&list_no=368076&tag=&nPage=14
2020-08-11,14660.0,1694.0,187.0,6945.0,389.0,210.0,166.0,60.0,50.0,1645.0,77.0,82.0,195.0,40.0,42.0,1411.0,166.0,26.0,http://www.kdca.go.kr//board/board.es?mid=a30402000000&bid=0030&act=view&list_no=368082&tag=&nPage=14
2020-08-12,14714.0,1709.0,191.0,6945.0,389.0,216.0,167.0,60.0,50.0,1664.0,77.0,82.0,196.0,40.0,42.0,1411.0,166.0,26.0,http://www.kdca.go.kr//board/board.es?mid=a30402000000&bid=0030&act=view&list_no=368103&tag=&nPage=14
2020-08-13,14770.0,1735.0,193.0,6946.0,389.0,218.0,167.0,61.0,50.0,1681.0,77.0,82.0,197.0,42.0,42.0,1411.0,167.0,26.0,http://www.kdca.go.kr//board/board.es?mid=a30402000000&bid=0030&act=view&list_no=368119&tag=&nPage=14
2020-08-14,14873.0,1767.0,198.0,6946.0,393.0,220.0,167.0,62.0,50.0,1728.0,78.0,82.0,200.0,42.0,42.0,1412.0,167.0,26.0,http://www.kdca.go.kr//board/board.es?mid=a30402000000&bid=0030&act=view&list_no=368129&tag=&nPage=13
2020-08-15,15039.0,1841.0,201.0,6946.0,399.0,221.0,168.0,62.0,50.0,1800.0,81.0,82.0,202.0,43.0,42.0,1412.0,168.0,26.0,http://www.kdca.go.kr//board/board.es?mid=a30402000000&bid=0030&act=view&list_no=368134&tag=&nPage=13
2020-08-16,15318.0,1987.0,208.0,6947.0,408.0,228.0,168.0,65.0,50.0,1898.0,81.0,83.0,207.0,43.0,42.0,1412.0,170.0,26.0,http://www.kdca.go.kr//board/board.es?mid=a30402000000&bid=0030&act=view&list_no=368140&tag=&nPage=13
2020-08-17,15515.0,2077.0,215.0,6948.0,415.0,235.0,170.0,65.0,50.0,1968.0,82.0,86.0,211.0,44.0,42.0,1414.0,170.0,26.0,http://www.kdca.go.kr//board/board.es?mid=a30402000000&bid=0030&act=view&list_no=368145&tag=&nPage=13
2020-08-18,15761.0,2209.0,222.0,6954.0,433.0,239.0,170.0,68.0,50.0,2020.0,84.0,87.0,216.0,51.0,42.0,1417.0,170.0,26.0,http://www.kdca.go.kr//board/board.es?mid=a30402000000&bid=0030&act=view&list_no=368152&tag=&nPage=13
2020-08-19,16058.0,2360.0,231.0,6956.0,441.0,245.0,170.0,68.0,52.0,2119.0,90.0,89.0,219.0,52.0,44.0,1420.0,171.0,26.0,http://www.kdca.go.kr//board/board.es?mid=a30402000000&bid=0030&act=view&list_no=368159&tag=&nPage=12
2020-08-20,16346.0,2495.0,246.0,6959.0,451.0,246.0,178.0,68.0,53.0,2204.0,95.0,90.0,224.0,58.0,47.0,1425.0,174.0,26.0,http://www.kdca.go.kr//board/board.es?mid=a30402000000&bid=0030&act=view&list_no=368171&tag=&nPage=12
2020-08-21,16670.0,2621.0,254.0,6963.0,469.0,251.0,185.0,69.0,56.0,2307.0,104.0,93.0,237.0,63.0,53.0,1431.0,178.0,26.0,http://www.kdca.go.kr//board/board.es?mid=a30402000000&bid=0030&act=view&list_no=368193&tag=&nPage=12
2020-08-22,17002.0,2749.0,257.0,6972.0,491.0,262.0,190.0,72.0,57.0,2402.0,120.0,95.0,244.0,67.0,60.0,1435.0,187.0,28.0,http://www.kdca.go.kr//board/board.es?mid=a30402000000&bid=0030&act=view&list_no=368199&tag=&nPage=12
2020-08-23,17399.0,2889.0,259.0,6978.0,523.0,279.0,205.0,75.0,57.0,2527.0,135.0,98.0,254.0,67.0,74.0,1437.0,196.0,28.0,http://www.kdca.go.kr//board/board.es?mid=a30402000000&bid=0030&act=view&list_no=368204&tag=&nPage=12
2020-08-24,17665.0,2986.0,262.0,6978.0,543.0,280.0,215.0,76.0,60.0,2612.0,141.0,108.0,262.0,71.0,81.0,1443.0,197.0,28.0,http://www.kdca.go.kr//board/board.es?mid=a30402000000&bid=0030&act=view&list_no=368210&tag=&nPage=11
2020-08-25,17945.0,3120.0,265.0,6983.0,558.0,284.0,226.0,76.0,63.0,2684.0,149.0,110.0,271.0,75.0,82.0,1444.0,199.0,31.0,http://www.kdca.go.kr//board/board.es?mid=a30402000000&bid=0030&act=view&list_no=368215&tag=&nPage=11
2020-08-26,18265.0,3232.0,269.0,6986.0,585.0,291.0,233.0,78.0,63.0,2782.0,167.0,110.0,283.0,82.0,95.0,1444.0,204.0,33.0,http://www.kdca.go.kr//board/board.es?mid=a30402000000&bid=0030&act=view&list_no=368221&tag=&nPage=11
2020-08-27,18706.0,3386.0,277.0,6999.0,644.0,330.0,236.0,80.0,63.0,2884.0,181.0,111.0,298.0,84.0,108.0,1448.0,212.0,34.0,http://www.kdca.go.kr//board/board.es?mid=a30402000000&bid=0030&act=view&list_no=368228&tag=&nPage=11
2020-08-28,19077.0,3532.0,285.0,7007.0,671.0,347.0,239.0,81.0,65.0,2997.0,184.0,116.0,307.0,86.0,120.0,1449.0,216.0,36.0,http://www.kdca.go.kr//board/board.es?mid=a30402000000&bid=0030&act=view&list_no=368248&tag=&nPage=11
2020-08-29,19400.0,3657.0,291.0,7013.0,691.0,363.0,243.0,81.0,65.0,3101.0,184.0,122.0,315.0,86.0,129.0,1450.0,228.0,37.0,http://www.kdca.go.kr//board/board.es?mid=a30402000000&bid=0030&act=view&list_no=368254&tag=&nPage=10
2020-08-30,19699.0,3773.0,297.0,7043.0,704.0,365.0,249.0,84.0,66.0,3181.0,186.0,127.0,323.0,86.0,137.0,1453.0,235.0,39.0,http://www.kdca.go.kr//board/board.es?mid=a30402000000&bid=0030&act=view&list_no=368259&tag=&nPage=10
2020-08-31,19947.0,3867.0,301.0,7047.0,718.0,374.0,256.0,89.0,67.0,3260.0,189.0,128.0,332.0,87.0,142.0,1455.0,236.0,45.0,http://www.kdca.go.kr//board/board.es?mid=a30402000000&bid=0030&act=view&list_no=368269&tag=&nPage=10
2020-09-01,20182.0,3961.0,304.0,7049.0,740.0,378.0,264.0,95.0,67.0,3323.0,193.0,129.0,339.0,87.0,146.0,1464.0,239.0,46.0,http://www.kdca.go.kr//board/board.es?mid=a30402000000&bid=0030&act=view&list_no=368277&tag=&nPage=10
2020-09-02,20449.0,4062.0,311.0,7062.0,751.0,388.0,278.0,100.0,67.0,3407.0,195.0,130.0,346.0,87.0,149.0,1468.0,240.0,47.0,http://www.kdca.go.kr//board/board.es?mid=a30402000000&bid=0030&act=view&list_no=368282&tag=&nPage=10
2020-09-03,20644.0,4131.0,315.0,7065.0,767.0,394.0,282.0,108.0,67.0,3471.0,199.0,131.0,353.0,87.0,155.0,1468.0,240.0,47.0,http://www.kdca.go.kr//board/board.es?mid=a30402000000&bid=0030&act=view&list_no=368314&tag=&nPage=9
2020-09-04,20842.0,4201.0,319.0,7072.0,770.0,405.0,286.0,111.0,67.0,3527.0,202.0,135.0,374.0,87.0,156.0,1472.0,243.0,47.0,http://www.kdca.go.kr//board/board.es?mid=a30402000000&bid=0030&act=view&list_no=368327&tag=&nPage=9
2020-09-05,21010.0,4251.0,329.0,7077.0,784.0,413.0,288.0,112.0,67.0,3578.0,205.0,139.0,378.0,89.0,156.0,1473.0,251.0,48.0,http://www.kdca.go.kr//board/board.es?mid=a30402000000&bid=0030&act=view&list_no=368332&tag=&nPage=9
2020-09-06,21177.0,4314.0,331.0,7082.0,796.0,420.0,293.0,113.0,67.0,3625.0,210.0,141.0,380.0,90.0,159.0,1475.0,257.0,48.0,http://www.kdca.go.kr//board/board.es?mid=a30402000000&bid=0030&act=view&list_no=368337&tag=&nPage=9
2020-09-07,21296.0,4362.0,340.0,7084.0,797.0,429.0,298.0,116.0,67.0,3656.0,210.0,141.0,383.0,91.0,159.0,1475.0,260.0,48.0,http://www.kdca.go.kr//board/board.es?mid=a30402000000&bid=0030&act=view&list_no=368344&tag=&nPage=9
2020-09-08,21432.0,4429.0,341.0,7086.0,799.0,442.0,302.0,119.0,68.0,3687.0,210.0,142.0,383.0,94.0,160.0,1478.0,260.0,48.0,http://www.kdca.go.kr//board/board.es?mid=a30402000000&bid=0030&act=view&list_no=368350&tag=&nPage=8
2020-09-09,21588.0,4478.0,343.0,7088.0,800.0,459.0,310.0,123.0,70.0,3742.0,210.0,143.0,391.0,95.0,161.0,1478.0,261.0,48.0,http://www.kdca.go.kr//board/board.es?mid=a30402000000&bid=0030&act=view&list_no=368355&tag=&nPage=8
2020-09-10,21743.0,4526.0,344.0,7089.0,805.0,464.0,321.0,127.0,70.0,3792.0,212.0,146.0,403.0,96.0,163.0,1481.0,262.0,50.0,http://www.kdca.go.kr//board/board.es?mid=a30402000000&bid=0030&act=view&list_no=368366&tag=&nPage=8
2020-09-11,21919.0,4589.0,347.0,7090.0,813.0,472.0,332.0,132.0,70.0,3839.0,212.0,147.0,417.0,96.0,165.0,1483.0,262.0,52.0,http://www.kdca.go.kr//board/board.es?mid=a30402000000&bid=0030&act=view&list_no=368377&tag=&nPage=8
2020-09-12,22055.0,4639.0,351.0,7094.0,821.0,475.0,339.0,133.0,70.0,3871.0,215.0,147.0,423.0,97.0,166.0,1485.0,265.0,53.0,http://www.kdca.go.kr//board/board.es?mid=a30402000000&bid=0030&act=view&list_no=368383&tag=&nPage=8
2020-09-13,22176.0,4670.0,354.0,7108.0,824.0,478.0,341.0,140.0,70.0,3903.0,216.0,147.0,434.0,99.0,166.0,1487.0,268.0,53.0,http://www.kdca.go.kr//board/board.es?mid=a30402000000&bid=0030&act=view&list_no=368388&tag=&nPage=7
2020-09-14,22285.0,4711.0,357.0,7112.0,834.0,481.0,342.0,141.0,70.0,3933.0,216.0,147.0,442.0,100.0,166.0,1488.0,269.0,53.0,http://www.kdca.go.kr//board/board.es?mid=a30402000000&bid=0030&act=view&list_no=368396&tag=&nPage=7
2020-09-15,22391.0,4743.0,361.0,7112.0,843.0,482.0,345.0,141.0,70.0,3972.0,217.0,149.0,445.0,101.0,166.0,1489.0,271.0,56.0,http://www.kdca.go.kr//board/board.es?mid=a30402000000&bid=0030&act=view&list_no=368402&tag=&nPage=7
2020-09-16,22504.0,4794.0,365.0,7116.0,852.0,484.0,346.0,141.0,70.0,3998.0,217.0,151.0,447.0,106.0,166.0,1491.0,274.0,56.0,http://www.kdca.go.kr//board/board.es?mid=a30402000000&bid=0030&act=view&list_no=368405&tag=&nPage=7
2020-09-17,22657.0,4857.0,367.0,7118.0,859.0,485.0,348.0,141.0,70.0,4052.0,217.0,151.0,457.0,106.0,167.0,1497.0,277.0,56.0,http://www.kdca.go.kr//board/board.es?mid=a30402000000&bid=0030&act=view&list_no=368410&tag=&nPage=7
2020-09-18,22783.0,4904.0,369.0,7120.0,865.0,485.0,350.0,141.0,70.0,4089.0,217.0,154.0,463.0,114.0,167.0,1502.0,281.0,58.0,http://www.kdca.go.kr//board/board.es?mid=a30402000000&bid=0030&act=view&list_no=368427&tag=&nPage=7
2020-09-19,22893.0,4538.0,324.0,7043.0,780.0,435.0,323.0,105.0,61.0,3575.0,191.0,126.0,411.0,79.0,133.0,1454.0,209.0,39.0,http://www.kdca.go.kr//board/board.es?mid=a20501000000&bid=0015&act=view&list_no=368429&tag=&nPage=15
2020-09-20,22975.0,4566.0,330.0,7045.0,783.0,435.0,324.0,106.0,61.0,3599.0,191.0,127.0,412.0,79.0,133.0,1458.0,210.0,39.0,http://www.kdca.go.kr//board/board.es?mid=a20501000000&bid=0015&act=view&list_no=368432&tag=&nPage=15
2020-09-21,23045.0,4587.0,338.0,7045.0,784.0,435.0,326.0,106.0,61.0,3617.0,191.0,129.0,412.0,79.0,133.0,1459.0,212.0,39.0,http://www.kdca.go.kr//board/board.es?mid=a20501000000&bid=0015&act=view&list_no=368435&tag=&nPage=15
2020-09-22,23106.0,4607.0,343.0,7045.0,786.0,435.0,326.0,107.0,61.0,3631.0,193.0,131.0,412.0,79.0,133.0,1463.0,213.0,39.0,http://www.kdca.go.kr//board/board.es?mid=a20501000000&bid=0015&act=view&list_no=368440&tag=&nPage=15
2020-09-23,23223.0,4646.0,349.0,7047.0,793.0,436.0,326.0,108.0,61.0,3666.0,194.0,132.0,414.0,79.0,133.0,1467.0,213.0,39.0,
2020-09-24,23341.0,4685.0,356.0,7049.0,801.0,437.0,327.0,109.0,61.0,3702.0,196.0,134.0,417.0,80.0,133.0,1471.0,214.0,40.0,http://www.kdca.go.kr//board/board.es?mid=a20501000000&bid=0015&act=view&list_no=368535&tag=&nPage=14
2020-09-25,23455.0,4741.0,358.0,7049.0,802.0,437.0,327.0,109.0,61.0,3728.0,197.0,135.0,417.0,83.0,133.0,1475.0,215.0,39.0,http://www.kdca.go.kr//board/board.es?mid=a20501000000&bid=0015&act=view&list_no=368549&tag=&nPage=14
2020-09-26,23516.0,4766.0,360.0,7050.0,803.0,437.0,327.0,109.0,61.0,3741.0,197.0,135.0,417.0,86.0,133.0,1478.0,216.0,39.0,http://www.kdca.go.kr//board/board.es?mid=a20501000000&bid=0015&act=view&list_no=368558&tag=&nPage=14
2020-09-27,23611.0,4799.0,363.0,7050.0,812.0,437.0,327.0,109.0,61.0,3759.0,197.0,137.0,418.0,87.0,133.0,1484.0,216.0,39.0,http://www.kdca.go.kr//board/board.es?mid=a20501000000&bid=0015&act=view&list_no=368562&tag=&nPage=13
2020-09-28,23661.0,4818.0,364.0,7050.0,813.0,437.0,327.0,110.0,61.0,3772.0,198.0,138.0,418.0,87.0,133.0,1487.0,216.0,39.0,http://www.kdca.go.kr//board/board.es?mid=a20501000000&bid=0015&act=view&list_no=368566&tag=&nPage=13
2020-09-29,23792.0,4880.0,372.0,7051.0,817.0,440.0,327.0,111.0,61.0,3799.0,198.0,139.0,419.0,89.0,133.0,1493.0,216.0,39.0,http://www.kdca.go.kr//board/board.es?mid=a20501000000&bid=0015&act=view&list_no=710723&tag=&nPage=13
2020-09-30,23812.0,4880.0,372.0,7051.0,817.0,440.0,327.0,111.0,61.0,3799.0,198.0,139.0,419.0,89.0,133.0,1493.0,216.0,39.0,http://www.kdca.go.kr//board/board.es?mid=a20501000000&bid=0015&act=view&list_no=710741&tag=&nPage=13
2020-10-01,23889.0,4910.0,378.0,7052.0,820.0,440.0,327.0,111.0,61.0,3816.0,198.0,140.0,422.0,89.0,134.0,1499.0,216.0,39.0,http://www.kdca.go.kr//board/board.es?mid=a20501000000&bid=0015&act=view&list_no=710744&tag=&nPage=12
2020-10-02,23952.0,4919.0,394.0,7052.0,824.0,440.0,327.0,111.0,61.0,3835.0,198.0,140.0,423.0,89.0,134.0,1503.0,216.0,39.0,http://www.kdca.go.kr//board/board.es?mid=a20501000000&bid=0015&act=view&list_no=710747&tag=&nPage=12
2020-10-03,24027.0,4944.0,402.0,7052.0,831.0,440.0,328.0,111.0,61.0,3843.0,198.0,140.0,424.0,89.0,134.0,1505.0,216.0,39.0,http://www.kdca.go.kr//board/board.es?mid=a20501000000&bid=0015&act=view&list_no=710750&tag=&nPage=12
2020-10-04,24091.0,4960.0,407.0,7052.0,836.0,440.0,330.0,112.0,61.0,3857.0,198.0,141.0,424.0,89.0,134.0,1508.0,216.0,39.0,http://www.kdca.go.kr//board/board.es?mid=a20501000000&bid=0015&act=view&list_no=710753&tag=&nPage=12
2020-10-05,24164.0,4979.0,412.0,7052.0,841.0,440.0,331.0,116.0,61.0,3882.0,198.0,141.0,426.0,91.0,134.0,1509.0,216.0,39.0,http://www.kdca.go.kr//board/board.es?mid=a20501000000&bid=0015&act=view&list_no=710756&tag=&nPage=12
2020-10-06,24239.0,4992.0,415.0,7052.0,845.0,440.0,333.0,117.0,61.0,3916.0,198.0,141.0,426.0,100.0,134.0,1509.0,216.0,39.0,http://www.kdca.go.kr//board/board.es?mid=a20501000000&bid=0015&act=view&list_no=710761&tag=&nPage=11
2020-10-07,24353.0,5021.0,417.0,7053.0,850.0,440.0,335.0,117.0,61.0,3965.0,198.0,141.0,426.0,106.0,134.0,1509.0,216.0,39.0,http://www.kdca.go.kr//board/board.es?mid=a20501000000&bid=0015&act=view&list_no=710790&tag=&nPage=11
2020-10-08,24422.0,5040.0,422.0,7053.0,855.0,440.0,342.0,117.0,61.0,3987.0,198.0,141.0,426.0,106.0,134.0,1510.0,217.0,39.0,http://www.kdca.go.kr//board/board.es?mid=a20501000000&bid=0015&act=view&list_no=710798&tag=&nPage=11
2020-10-09,24476.0,5057.0,427.0,7053.0,855.0,440.0,347.0,117.0,61.0,3996.0,198.0,142.0,426.0,106.0,135.0,1510.0,217.0,39.0,http://www.kdca.go.kr//board/board.es?mid=a20501000000&bid=0015&act=view&list_no=710825&tag=&nPage=10
2020-10-10,24548.0,5080.0,430.0,7053.0,863.0,440.0,348.0,117.0,61.0,4020.0,198.0,142.0,427.0,106.0,136.0,1510.0,217.0,39.0,http://www.kdca.go.kr//board/board.es?mid=a20501000000&bid=0015&act=view&list_no=710828&tag=&nPage=10
2020-10-11,24606.0,5099.0,433.0,7053.0,864.0,440.0,350.0,117.0,61.0,4038.0,200.0,142.0,428.0,106.0,136.0,1510.0,217.0,39.0,http://www.kdca.go.kr//board/board.es?mid=a20501000000&bid=0015&act=view&list_no=710831&tag=&nPage=10
2020-10-12,24703.0,5128.0,436.0,7053.0,867.0,441.0,363.0,117.0,61.0,4054.0,201.0,142.0,428.0,107.0,136.0,1510.0,218.0,39.0,http://www.kdca.go.kr//board/board.es?mid=a20501000000&bid=0015&act=view&list_no=710834&tag=&nPage=10
2020-10-13,24805.0,5146.0,437.0,7053.0,867.0,442.0,372.0,117.0,61.0,4086.0,205.0,143.0,430.0,108.0,136.0,1510.0,218.0,39.0,http://www.kdca.go.kr//board/board.es?mid=a20501000000&bid=0015&act=view&list_no=710838&tag=&nPage=9
2020-10-14,24889.0,5169.0,439.0,7053.0,875.0,442.0,376.0,117.0,61.0,4101.0,205.0,143.0,431.0,108.0,136.0,1510.0,218.0,39.0,http://www.kdca.go.kr//board/board.es?mid=a20501000000&bid=0015&act=view&list_no=710841&tag=&nPage=9
2020-10-15,24988.0,5191.0,493.0,7053.0,886.0,442.0,377.0,117.0,61.0,4107.0,206.0,143.0,431.0,108.0,136.0,1510.0,218.0,39.0,http://www.kdca.go.kr//board/board.es?mid=a20501000000&bid=0015&act=view&list_no=710848&tag=&nPage=9
2020-10-16,25035.0,5208.0,493.0,7053.0,890.0,442.0,379.0,117.0,61.0,4122.0,206.0,143.0,432.0,110.0,136.0,1510.0,218.0,39.0,http://www.kdca.go.kr//board/board.es?mid=a20501000000&bid=0015&act=view&list_no=710869&tag=&nPage=9
2020-10-17,25108.0,5225.0,499.0,7053.0,891.0,442.0,379.0,117.0,61.0,4154.0,209.0,143.0,434.0,110.0,136.0,1510.0,219.0,39.0,http://www.kdca.go.kr//board/board.es?mid=a20501000000&bid=0015&act=view&list_no=710881&tag=&nPage=8
2020-10-18,25199.0,5243.0,501.0,7053.0,892.0,442.0,380.0,117.0,61.0,4202.0,210.0,143.0,434.0,110.0,136.0,1510.0,219.0,39.0,http://www.kdca.go.kr//board/board.es?mid=a20501000000&bid=0015&act=view&list_no=710884&tag=&nPage=8
2020-10-19,25275.0,5254.0,515.0,7053.0,896.0,443.0,382.0,117.0,61.0,4217.0,211.0,143.0,436.0,110.0,136.0,1510.0,219.0,39.0,http://www.kdca.go.kr//board/board.es?mid=a20501000000&bid=0015&act=view&list_no=710889&tag=&nPage=8
2020-10-20,25333.0,5265.0,516.0,7053.0,899.0,443.0,383.0,117.0,61.0,4239.0,213.0,143.0,437.0,110.0,136.0,1510.0,219.0,39.0,http://www.kdca.go.kr//board/board.es?mid=a20501000000&bid=0015&act=view&list_no=710896&tag=&nPage=8
2020-10-21,25424.0,5278.0,526.0,7053.0,905.0,443.0,387.0,118.0,61.0,4260.0,213.0,143.0,437.0,110.0,136.0,1512.0,219.0,39.0,http://www.kdca.go.kr//board/board.es?mid=a20501000000&bid=0015&act=view&list_no=710902&tag=&nPage=7
2020-10-22,25543.0,5296.0,531.0,7055.0,907.0,443.0,387.0,118.0,61.0,4322.0,215.0,143.0,448.0,112.0,136.0,1512.0,219.0,39.0,http://www.kdca.go.kr//board/board.es?mid=a20501000000&bid=0015&act=view&list_no=710906&tag=&nPage=7
2020-10-23,25698.0,5315.0,531.0,7060.0,911.0,447.0,387.0,118.0,61.0,4420.0,216.0,143.0,452.0,114.0,137.0,1512.0,219.0,39.0,http://www.kdca.go.kr//board/board.es?mid=a20501000000&bid=0015&act=view&list_no=710928&tag=&nPage=7
2020-10-24,25775.0,5337.0,531.0,7060.0,913.0,447.0,392.0,118.0,61.0,4452.0,216.0,143.0,457.0,114.0,137.0,1512.0,219.0,39.0,http://www.kdca.go.kr//board/board.es?mid=a20501000000&bid=0015&act=view&list_no=710943&tag=&nPage=6
2020-10-25,25836.0,5354.0,532.0,7060.0,913.0,447.0,393.0,119.0,61.0,4479.0,216.0,143.0,459.0,114.0,137.0,1512.0,220.0,39.0,http://www.kdca.go.kr//board/board.es?mid=a20501000000&bid=0015&act=view&list_no=710947&tag=&nPage=6
2020-10-26,25955.0,5374.0,532.0,7060.0,916.0,447.0,394.0,119.0,61.0,4544.0,216.0,144.0,460.0,114.0,137.0,1512.0,223.0,39.0,http://www.kdca.go.kr//board/board.es?mid=a20501000000&bid=0015&act=view&list_no=710952&tag=&nPage=6
2020-10-27,26043.0,5398.0,532.0,7060.0,918.0,447.0,399.0,119.0,61.0,4571.0,222.0,145.0,460.0,114.0,139.0,1512.0,228.0,39.0,http://www.kdca.go.kr//board/board.es?mid=a20501000000&bid=0015&act=view&list_no=710962&tag=&nPage=6
2020-10-28,26146.0,5421.0,532.0,7062.0,928.0,447.0,406.0,119.0,61.0,4599.0,236.0,145.0,461.0,117.0,139.0,1517.0,231.0,39.0,http://www.kdca.go.kr//board/board.es?mid=a20501000000&bid=0015&act=view&list_no=710970&tag=&nPage=5
2020-10-29,26271.0,5457.0,532.0,7065.0,933.0,448.0,406.0,119.0,61.0,4651.0,243.0,145.0,462.0,118.0,139.0,1517.0,231.0,39.0,http://www.kdca.go.kr//board/board.es?mid=a20501000000&bid=0015&act=view&list_no=710975&tag=&nPage=5
2020-10-30,26385.0,5504.0,532.0,7075.0,935.0,448.0,406.0,119.0,61.0,4674.0,249.0,145.0,465.0,119.0,140.0,1517.0,231.0,39.0,http://www.kdca.go.kr//board/board.es?mid=a20501000000&bid=0015&act=view&list_no=710997&tag=&nPage=4
2020-10-31,26511.0,5555.0,534.0,7084.0,938.0,448.0,406.0,120.0,64.0,4697.0,249.0,145.0,469.0,119.0,140.0,1517.0,232.0,39.0,http://www.kdca.go.kr//board/board.es?mid=a20501000000&bid=0015&act=view&list_no=711024&tag=&nPage=4
2020-11-01,26635.0,5600.0,534.0,7086.0,938.0,448.0,406.0,120.0,64.0,4733.0,252.0,146.0,478.0,119.0,143.0,1517.0,234.0,39.0,http://www.kdca.go.kr//board/board.es?mid=a20501000000&bid=0015&act=view&list_no=711028&tag=&nPage=4
2020-11-02,26732.0,5620.0,534.0,7089.0,940.0,448.0,406.0,120.0,64.0,4773.0,252.0,147.0,489.0,119.0,145.0,1517.0,234.0,39.0,http://www.kdca.go.kr//board/board.es?mid=a20501000000&bid=0015&act=view&list_no=711030&tag=&nPage=4
2020-11-03,26807.0,5641.0,534.0,7089.0,940.0,450.0,406.0,120.0,64.0,4788.0,253.0,148.0,495.0,119.0,145.0,1517.0,234.0,39.0,http://www.kdca.go.kr//board/board.es?mid=a20501000000&bid=0015&act=view&list_no=711038&tag=&nPage=3
2020-11-04,26925.0,5680.0,535.0,7090.0,944.0,450.0,407.0,120.0,64.0,4829.0,253.0,148.0,505.0,119.0,145.0,1517.0,234.0,40.0,http://www.kdca.go.kr//board/board.es?mid=a20501000000&bid=0015&act=view&list_no=711044&tag=&nPage=3
2020-11-05,27050.0,5726.0,538.0,7092.0,947.0,450.0,407.0,120.0,64.0,4852.0,254.0,150.0,528.0,119.0,145.0,1517.0,239.0,40.0,http://www.kdca.go.kr//board/board.es?mid=a20501000000&bid=0015&act=view&list_no=711052&tag=&nPage=3
2020-11-06,27195.0,5764.0,538.0,7092.0,947.0,450.0,407.0,120.0,64.0,4886.0,261.0,150.0,553.0,119.0,145.0,1517.0,252.0,40.0,http://www.kdca.go.kr//board/board.es?mid=a20501000000&bid=0015&act=view&list_no=711076&tag=&nPage=3
2020-11-07,27284.0,5798.0,540.0,7093.0,948.0,450.0,408.0,120.0,64.0,4902.0,265.0,150.0,561.0,119.0,145.0,1517.0,257.0,40.0,http://www.kdca.go.kr//board/board.es?mid=a20501000000&bid=0015&act=view&list_no=711080&tag=&nPage=2
2020-11-08,27427.0,5852.0,540.0,7100.0,950.0,452.0,409.0,120.0,64.0,4925.0,274.0,152.0,569.0,119.0,148.0,1519.0,262.0,40.0,http://www.kdca.go.kr//board/board.es?mid=a20501000000&bid=0015&act=view&list_no=711086&tag=&nPage=2
2020-11-09,27553.0,5891.0,540.0,7106.0,951.0,452.0,409.0,120.0,64.0,4946.0,285.0,154.0,579.0,122.0,150.0,1519.0,266.0,40.0,http://www.kdca.go.kr//board/board.es?mid=a20501000000&bid=0015&act=view&list_no=711091&tag=&nPage=2
2020-11-10,27653.0,5923.0,541.0,7107.0,954.0,456.0,409.0,120.0,64.0,4964.0,288.0,155.0,583.0,122.0,152.0,1519.0,268.0,40.0,http://www.kdca.go.kr//board/board.es?mid=a20501000000&bid=0015&act=view&list_no=711098&tag=&nPage=1
2020-11-11,27799.0,5962.0,544.0,7107.0,954.0,458.0,410.0,120.0,64.0,5006.0,296.0,156.0,589.0,123.0,152.0,1519.0,278.0,40.0,http://www.kdca.go.kr//board/board.es?mid=a20501000000&bid=0015&act=view&list_no=711104&tag=&nPage=1
2020-11-12,27942.0,6014.0,546.0,7109.0,956.0,464.0,412.0,120.0,64.0,5040.0,302.0,156.0,598.0,123.0,160.0,1520.0,281.0,41.0,http://www.kdca.go.kr//board/board.es?mid=a20501000000&bid=0015&act=view&list_no=711113&tag=&nPage=1
2020-11-13,28133.0,6088.0,546.0,7110.0,959.0,469.0,412.0,120.0,65.0,5076.0,325.0,156.0,605.0,123.0,169.0,1520.0,283.0,42.0,http://www.kdca.go.kr//board/board.es?mid=a20501000000&bid=0015&act=view&list_no=711130&tag=&nPage=1
2020-11-14,28338.0,6151.0,547.0,7110.0,959.0,476.0,414.0,120.0,66.0,5122.0,343.0,156.0,616.0,124.0,182.0,1520.0,286.0,42.0,http://www.kdca.go.kr//board/board.es?mid=a20501000000&bid=0015&act=view&list_no=711148&tag=&nPage=1
2020-11-15,28546.0,6232.0,547.0,7110.0,961.0,483.0,414.0,120.0,66.0,5163.0,362.0,164.0,621.0,124.0,190.0,1522.0,289.0,42.0,http://www.kdca.go.kr//board/board.es?mid=a20501000000&bid=0015&act=view&list_no=711152&tag=&nPage=1
2020-11-16,28769.0,6311.0,547.0,7110.0,971.0,487.0,416.0,120.0,67.0,5202.0,382.0,167.0,627.0,125.0,200.0,1535.0,293.0,43.0,http://www.kdca.go.kr//board/board.es?mid=a20501000000&bid=0015&act=view&list_no=711157&tag=&nPage=2
2020-11-17,29040.0,6399.0,549.0,7112.0,981.0,500.0,417.0,120.0,67.0,5261.0,391.0,167.0,634.0,125.0,215.0,1542.0,299.0,43.0,
2020-11-18,29311.0,6488.0,552.0,7114.0,992.0,514.0,418.0,120.0,67.0,5321.0,400.0,167.0,642.0,125.0,231.0,1550.0,305.0,43.0,http://www.kdca.go.kr//board/board.es?mid=a20501000000&bid=0015&act=view&list_no=711174&tag=&nPage=2
2020-11-19,29654.0,6595.0,557.0,7116.0,1003.0,522.0,419.0,120.0,67.0,5380.0,420.0,170.0,655.0,126.0,258.0,1558.0,333.0,43.0,http://www.kdca.go.kr//board/board.es?mid=a20501000000&bid=0015&act=view&list_no=711185&tag=&nPage=3
2020-11-20,30017.0,6722.0,559.0,7117.0,1032.0,526.0,419.0,120.0,67.0,5442.0,444.0,172.0,670.0,139.0,272.0,1565.0,351.0,45.0,http://www.kdca.go.kr//board/board.es?mid=a20501000000&bid=0015&act=view&list_no=711203&tag=&nPage=3
2020-11-21,30403.0,6876.0,566.0,7117.0,1054.0,532.0,420.0,121.0,67.0,5528.0,458.0,173.0,689.0,152.0,290.0,1573.0,362.0,45.0,http://www.kdca.go.kr//board/board.es?mid=a20501000000&bid=0015&act=view&list_no=711219&tag=&nPage=3
2020-11-22,30733.0,6995.0,567.0,7117.0,1080.0,540.0,420.0,122.0,67.0,5602.0,470.0,173.0,700.0,164.0,303.0,1579.0,381.0,45.0,http://www.kdca.go.kr//board/board.es?mid=a20501000000&bid=0015&act=view&list_no=711222&tag=&nPage=3
2020-11-23,31004.0,7104.0,571.0,7118.0,1103.0,541.0,422.0,123.0,67.0,5676.0,481.0,173.0,708.0,173.0,308.0,1583.0,383.0,46.0,http://www.kdca.go.kr//board/board.es?mid=a20501000000&bid=0015&act=view&list_no=711226&tag=&nPage=2
2020-11-24,31353.0,7236.0,577.0,7120.0,1119.0,544.0,422.0,124.0,69.0,5745.0,526.0,176.0,715.0,187.0,315.0,1592.0,386.0,47.0,http://www.kdca.go.kr//board/board.es?mid=a20501000000&bid=0015&act=view&list_no=711231&tag=&nPage=2
2020-11-25,31735.0,7375.0,595.0,7125.0,1158.0,558.0,426.0,127.0,69.0,5822.0,538.0,179.0,733.0,195.0,323.0,1594.0,396.0,50.0,http://www.kdca.go.kr//board/board.es?mid=a20501000000&bid=0015&act=view&list_no=711238&tag=&nPage=2
2020-11-26,32311.0,7580.0,616.0,7125.0,1177.0,571.0,429.0,133.0,72.0,5966.0,546.0,192.0,756.0,215.0,332.0,1596.0,437.0,52.0,
2020-11-27,32887.0,7785.0,638.0,7126.0,1196.0,585.0,432.0,140.0,76.0,6111.0,554.0,206.0,780.0,235.0,342.0,1599.0,479.0,55.0,http://www.kdca.go.kr//board/board.es?mid=a20501000000&bid=0015&act=view&list_no=711262&tag=&nPage=1
2020-11-28,33355.0,7949.0,662.0,7127.0,1219.0,595.0,441.0,141.0,77.0,6216.0,580.0,227.0,793.0,248.0,355.0,1606.0,493.0,56.0,
2020-11-29,33824.0,8114.0,686.0,7128.0,1242.0,605.0,451.0,143.0,79.0,6321.0,606.0,248.0,806.0,261.0,369.0,1614.0,507.0,57.0,http://www.kdca.go.kr//board/board.es?mid=a20501000000&bid=0015&act=view&list_no=711281&tag=&nPage=1
2020-11-30,34201.0,8272.0,738.0,7132.0,1276.0,617.0,456.0,146.0,80.0,6390.0,614.0,270.0,810.0,277.0,372.0,1618.0,526.0,57.0,http://www.kdca.go.kr//board/board.es?mid=a20501000000&bid=0015&act=view&list_no=711286&tag=&nPage=4
2020-12-01,34652.0,8425.0,769.0,7143.0,1292.0,639.0,466.0,148.0,82.0,6476.0,623.0,301.0,826.0,286.0,374.0,1628.0,536.0,57.0,http://www.kdca.go.kr//board/board.es?mid=a20501000000&bid=0015&act=view&list_no=711291&tag=&nPage=4
2020-12-02,35163.0,8617.0,800.0,7147.0,1313.0,649.0,471.0,154.0,89.0,6619.0,635.0,317.0,832.0,312.0,375.0,1632.0,543.0,59.0,http://www.kdca.go.kr//board/board.es?mid=a20501000000&bid=0015&act=view&list_no=711298&tag=&nPage=4
2020-12-03,35703.0,8877.0,815.0,7150.0,1335.0,652.0,478.0,156.0,93.0,6756.0,643.0,326.0,845.0,319.0,377.0,1642.0,556.0,60.0,http://www.kdca.go.kr//board/board.es?mid=a20501000000&bid=0015&act=view&list_no=711309&tag=&nPage=3
2020-12-04,36332.0,9168.0,846.0,7156.0,1352.0,653.0,499.0,161.0,93.0,6911.0,646.0,331.0,867.0,332.0,380.0,1651.0,572.0,62.0,http://www.kdca.go.kr//board/board.es?mid=a20501000000&bid=0015&act=view&list_no=711333&tag=&nPage=3
2020-12-05,36915.0,9399.0,875.0,7163.0,1371.0,659.0,509.0,162.0,97.0,7061.0,655.0,349.0,877.0,349.0,384.0,1667.0,599.0,63.0,http://www.kdca.go.kr//board/board.es?mid=a20501000000&bid=0015&act=view&list_no=711343&tag=&nPage=3
2020-12-06,37546.0,9652.0,909.0,7166.0,1412.0,662.0,512.0,165.0,99.0,7237.0,666.0,362.0,891.0,360.0,392.0,1676.0,614.0,63.0,http://www.kdca.go.kr//board/board.es?mid=a20501000000&bid=0015&act=view&list_no=711350&tag=&nPage=2
2020-12-07,38161.0,9883.0,942.0,7171.0,1449.0,665.0,514.0,203.0,99.0,7391.0,675.0,373.0,901.0,381.0,394.0,1685.0,629.0,63.0,http://www.kdca.go.kr//board/board.es?mid=a20501000000&bid=0015&act=view&list_no=711355&tag=&nPage=2
2020-12-08,38755.0,10095.0,967.0,7174.0,1476.0,675.0,524.0,264.0,99.0,7536.0,683.0,383.0,916.0,394.0,401.0,1690.0,641.0,65.0,http://www.kdca.go.kr//board/board.es?mid=a20501000000&bid=0015&act=view&list_no=711370&tag=&nPage=2
2020-12-09,39432.0,10360.0,987.0,7177.0,1522.0,684.0,534.0,278.0,100.0,7748.0,687.0,405.0,920.0,406.0,403.0,1693.0,672.0,67.0,http://www.kdca.go.kr//board/board.es?mid=a20501000000&bid=0015&act=view&list_no=711380&tag=&nPage=1
2020-12-10,40098.0,10603.0,1017.0,7179.0,1559.0,687.0,543.0,295.0,101.0,7949.0,702.0,415.0,940.0,414.0,408.0,1701.0,686.0,74.0,http://www.kdca.go.kr//board/board.es?mid=a20501000000&bid=0015&act=view&list_no=711391&tag=&nPage=1
2020-12-11,40786.0,10852.0,1043.0,7185.0,1595.0,690.0,551.0,341.0,101.0,8175.0,713.0,436.0,949.0,421.0,412.0,1703.0,698.0,79.0,http://www.kdca.go.kr//board/board.es?mid=a20501000000&bid=0015&act=view&list_no=711420&tag=&nPage=1
2020-12-12,41736.0,11211.0,1101.0,7220.0,1637.0,699.0,569.0,364.0,102.0,8443.0,749.0,457.0,958.0,426.0,420.0,1722.0,715.0,79.0,http://www.kdca.go.kr//board/board.es?mid=a20501000000&bid=0015&act=view&list_no=711448&tag=&nPage=1
